<TextureAtlas imagePath="shaded-dark.png">
	<SubTexture name="shadedDark00.png" x="400" y="80" width="80" height="80"/>
	<SubTexture name="shadedDark01.png" x="160" y="208" width="96" height="100"/>
	<SubTexture name="shadedDark02.png" x="160" y="308" width="96" height="98"/>
	<SubTexture name="shadedDark03.png" x="473" y="461" width="61" height="76"/>
	<SubTexture name="shadedDark04.png" x="0" y="480" width="125" height="127"/>
	<SubTexture name="shadedDark05.png" x="313" y="528" width="76" height="61"/>
	<SubTexture name="shadedDark06.png" x="473" y="400" width="75" height="61"/>
	<SubTexture name="shadedDark07.png" x="0" y="320" width="160" height="160"/>
	<SubTexture name="shadedDark08.png" x="0" y="160" width="160" height="160"/>
	<SubTexture name="shadedDark09.png" x="0" y="0" width="160" height="160"/>
	<SubTexture name="shadedDark10.png" x="480" y="0" width="61" height="75"/>
	<SubTexture name="shadedDark11.png" x="160" y="0" width="160" height="160"/>
	<SubTexture name="shadedDark12.png" x="544" y="171" width="48" height="48"/>
	<SubTexture name="shadedDark13.png" x="541" y="0" width="48" height="48"/>
	<SubTexture name="shadedDark14.png" x="534" y="461" width="48" height="48"/>
	<SubTexture name="shadedDark15.png" x="480" y="75" width="48" height="48"/>
	<SubTexture name="shadedDark16.png" x="496" y="171" width="48" height="48"/>
	<SubTexture name="shadedDark17.png" x="496" y="123" width="48" height="48"/>
	<SubTexture name="shadedDark18.png" x="160" y="406" width="48" height="48"/>
	<SubTexture name="shadedDark19.png" x="268" y="160" width="48" height="48"/>
	<SubTexture name="shadedDark20.png" x="336" y="320" width="48" height="48"/>
	<SubTexture name="shadedDark21.png" x="473" y="537" width="48" height="48"/>
	<SubTexture name="shadedDark22.png" x="528" y="75" width="48" height="48"/>
	<SubTexture name="shadedDark23.png" x="548" y="400" width="48" height="48"/>
	<SubTexture name="shadedDark24.png" x="416" y="160" width="80" height="80"/>
	<SubTexture name="shadedDark25.png" x="473" y="320" width="80" height="80"/>
	<SubTexture name="shadedDark26.png" x="400" y="0" width="80" height="80"/>
	<SubTexture name="shadedDark27.png" x="393" y="480" width="80" height="80"/>
	<SubTexture name="shadedDark28.png" x="393" y="400" width="80" height="80"/>
	<SubTexture name="shadedDark29.png" x="393" y="320" width="80" height="80"/>
	<SubTexture name="shadedDark30.png" x="496" y="219" width="48" height="48"/>
	<SubTexture name="shadedDark31.png" x="496" y="267" width="48" height="48"/>
	<SubTexture name="shadedDark32.png" x="521" y="537" width="48" height="48"/>
	<SubTexture name="shadedDark33.png" x="544" y="123" width="48" height="48"/>
	<SubTexture name="shadedDark34.png" x="544" y="219" width="48" height="48"/>
	<SubTexture name="shadedDark35.png" x="544" y="267" width="48" height="48"/>
	<SubTexture name="shadedDark36.png" x="416" y="240" width="80" height="80"/>
	<SubTexture name="shadedDark37.png" x="256" y="208" width="80" height="80"/>
	<SubTexture name="shadedDark38.png" x="233" y="486" width="80" height="80"/>
	<SubTexture name="shadedDark39.png" x="336" y="160" width="80" height="80"/>
	<SubTexture name="shadedDark40.png" x="336" y="240" width="80" height="80"/>
	<SubTexture name="shadedDark41.png" x="233" y="406" width="80" height="80"/>
	<SubTexture name="shadedDark42.png" x="160" y="160" width="108" height="48"/>
	<SubTexture name="shadedDark43.png" x="125" y="528" width="108" height="48"/>
	<SubTexture name="shadedDark44.png" x="125" y="480" width="108" height="48"/>
	<SubTexture name="shadedDark45.png" x="313" y="448" width="80" height="80"/>
	<SubTexture name="shadedDark46.png" x="256" y="288" width="80" height="80"/>
	<SubTexture name="shadedDark47.png" x="313" y="368" width="80" height="80"/>
	<SubTexture name="shadedDark48.png" x="320" y="0" width="80" height="80"/>
	<SubTexture name="shadedDark49.png" x="320" y="80" width="80" height="80"/>
</TextureAtlas>