<TextureAtlas imagePath="shaded-light.png">
	<SubTexture name="shadedLight00.png" x="400" y="80" width="80" height="80"/>
	<SubTexture name="shadedLight01.png" x="160" y="208" width="96" height="100"/>
	<SubTexture name="shadedLight02.png" x="160" y="308" width="96" height="98"/>
	<SubTexture name="shadedLight03.png" x="475" y="400" width="61" height="76"/>
	<SubTexture name="shadedLight04.png" x="0" y="480" width="125" height="127"/>
	<SubTexture name="shadedLight05.png" x="315" y="528" width="76" height="61"/>
	<SubTexture name="shadedLight06.png" x="160" y="406" width="75" height="61"/>
	<SubTexture name="shadedLight07.png" x="0" y="320" width="160" height="160"/>
	<SubTexture name="shadedLight08.png" x="0" y="160" width="160" height="160"/>
	<SubTexture name="shadedLight09.png" x="0" y="0" width="160" height="160"/>
	<SubTexture name="shadedLight10.png" x="475" y="476" width="61" height="75"/>
	<SubTexture name="shadedLight11.png" x="160" y="0" width="160" height="160"/>
	<SubTexture name="shadedLight12.png" x="536" y="448" width="50" height="48"/>
	<SubTexture name="shadedLight13.png" x="530" y="96" width="50" height="48"/>
	<SubTexture name="shadedLight14.png" x="530" y="48" width="50" height="48"/>
	<SubTexture name="shadedLight15.png" x="480" y="48" width="50" height="48"/>
	<SubTexture name="shadedLight16.png" x="496" y="192" width="50" height="48"/>
	<SubTexture name="shadedLight17.png" x="480" y="96" width="50" height="48"/>
	<SubTexture name="shadedLight18.png" x="475" y="551" width="50" height="48"/>
	<SubTexture name="shadedLight19.png" x="270" y="160" width="50" height="48"/>
	<SubTexture name="shadedLight20.png" x="336" y="320" width="50" height="48"/>
	<SubTexture name="shadedLight21.png" x="480" y="0" width="50" height="48"/>
	<SubTexture name="shadedLight22.png" x="496" y="144" width="50" height="48"/>
	<SubTexture name="shadedLight23.png" x="546" y="192" width="50" height="48"/>
	<SubTexture name="shadedLight24.png" x="416" y="160" width="80" height="80"/>
	<SubTexture name="shadedLight25.png" x="475" y="320" width="80" height="80"/>
	<SubTexture name="shadedLight26.png" x="400" y="0" width="80" height="80"/>
	<SubTexture name="shadedLight27.png" x="395" y="480" width="80" height="80"/>
	<SubTexture name="shadedLight28.png" x="395" y="400" width="80" height="80"/>
	<SubTexture name="shadedLight29.png" x="395" y="320" width="80" height="80"/>
	<SubTexture name="shadedLight30.png" x="496" y="240" width="50" height="48"/>
	<SubTexture name="shadedLight31.png" x="525" y="551" width="50" height="48"/>
	<SubTexture name="shadedLight32.png" x="530" y="0" width="50" height="48"/>
	<SubTexture name="shadedLight33.png" x="536" y="400" width="50" height="48"/>
	<SubTexture name="shadedLight34.png" x="536" y="496" width="50" height="48"/>
	<SubTexture name="shadedLight35.png" x="546" y="144" width="50" height="48"/>
	<SubTexture name="shadedLight36.png" x="416" y="240" width="80" height="80"/>
	<SubTexture name="shadedLight37.png" x="256" y="208" width="80" height="80"/>
	<SubTexture name="shadedLight38.png" x="235" y="486" width="80" height="80"/>
	<SubTexture name="shadedLight39.png" x="336" y="160" width="80" height="80"/>
	<SubTexture name="shadedLight40.png" x="336" y="240" width="80" height="80"/>
	<SubTexture name="shadedLight41.png" x="235" y="406" width="80" height="80"/>
	<SubTexture name="shadedLight42.png" x="160" y="160" width="110" height="48"/>
	<SubTexture name="shadedLight43.png" x="125" y="528" width="110" height="48"/>
	<SubTexture name="shadedLight44.png" x="125" y="480" width="110" height="48"/>
	<SubTexture name="shadedLight45.png" x="315" y="448" width="80" height="80"/>
	<SubTexture name="shadedLight46.png" x="256" y="288" width="80" height="80"/>
	<SubTexture name="shadedLight47.png" x="315" y="368" width="80" height="80"/>
	<SubTexture name="shadedLight48.png" x="320" y="0" width="80" height="80"/>
	<SubTexture name="shadedLight49.png" x="320" y="80" width="80" height="80"/>
</TextureAtlas>